Number of Generations,Best Fitness (Genetic Algorithm High Generation Count),Mean Fitness (Genetic Algorithm High Generation Count),Std Fitness (Genetic Algorithm High Generation Count),Execution Time (Genetic Algorithm High Generation Count),Best Fitness (Genetic Algorithm High Generation Count Bridge),Mean Fitness (Genetic Algorithm High Generation Count Bridge),Std Fitness (Genetic Algorithm High Generation Count Bridge),Execution Time (Genetic Algorithm High Generation Count Bridge)
0,1.1106617494320257,-0.026306266088630247,0.41861125399079624,6768.258715724945,0.8829263363248885,-0.04061075767721946,0.4033674703243359,7029.968084859848
1,1.487418523000146,0.16036065792300422,0.5372710213478232,6768.258715724945,1.3250357776332629,0.23938385180687857,0.5379888208933689,7029.968084859848
2,1.6894772144181283,0.2908780016901724,0.6251213758834842,6768.258715724945,1.4809317057296558,0.3765740945449877,0.6432758794042248,7029.968084859848
3,1.6894772144181283,0.5113335470644568,0.5795223003413097,6768.258715724945,2.159580346056301,0.6806290432266359,0.6802796410281164,7029.968084859848
4,1.9787220803742414,0.686212699531367,0.6540415326409411,6768.258715724945,2.1833065189199026,0.7490061096852852,0.830814174579454,7029.968084859848
5,2.2872971442250374,0.8876294731095422,0.8280121218193381,6768.258715724945,2.3133131389391832,1.0194054572130167,0.8135879716100576,7029.968084859848
6,2.34488181912132,1.1050148679094192,0.8029009927197259,6768.258715724945,2.3333431523400674,1.0213455003762975,0.8837334240081415,7029.968084859848
7,2.4101829546194558,1.2411357374978618,0.8969122502544102,6768.258715724945,2.5006116349900864,1.2076637375163326,0.8417324771928152,7029.968084859848
8,2.5697709538344236,0.9614396473204249,0.9864873977039462,6768.258715724945,2.5387864129687285,1.1797991646597352,0.9494403487961357,7029.968084859848
9,2.891780357414969,1.2777799741375186,1.0604570741385924,6768.258715724945,2.640635100978938,1.4058559978604896,0.9173078556156187,7029.968084859848
10,3.216554945906046,1.5635352910082343,1.0353532430902466,6768.258715724945,2.705446334722097,1.5001504319784214,0.969689173352594,7029.968084859848
11,3.3120086199829175,1.8637018778442154,0.9272524652532551,6768.258715724945,2.8205127096787113,1.7483690236801563,0.8645356981026964,7029.968084859848
12,3.387373299915157,1.8960914883111872,0.9833505978365953,6768.258715724945,2.898320385564701,1.559641076737377,1.085145973105139,7029.968084859848
13,3.4800832297497424,2.08845203237581,1.0690265939762529,6768.258715724945,3.1063408079906987,1.8598207752036024,1.0611490857319352,7029.968084859848
14,3.59869719199407,2.095278837700476,1.0830688261846038,6768.258715724945,3.1385636956966714,1.7740295822128054,1.0121550917174875,7029.968084859848
15,3.599151694852874,2.1206947150249973,1.0936476325523494,6768.258715724945,3.171927996552958,1.6488284855168953,1.0444101828249173,7029.968084859848
16,3.599151694852874,2.0624201080435114,1.1871322384180565,6768.258715724945,3.171927996552958,1.8329676473479648,1.0841649084724616,7029.968084859848
17,3.675666969017848,2.334354399857162,1.09842267917042,6768.258715724945,3.253963592280742,1.9138488484551832,1.0953544523681946,7029.968084859848
18,3.7187270807804325,2.30652421615614,1.1562355922654866,6768.258715724945,3.3007817552347567,1.9469800183541737,1.1387380234720446,7029.968084859848
19,3.7187270807804325,2.343641359805062,1.1851783064937491,6768.258715724945,3.376953837911499,1.9999889157491288,1.1390393783452473,7029.968084859848
20,3.7187270807804325,1.9717490552124946,1.3918352682537538,6768.258715724945,3.376953837911499,1.9545700665506214,1.2667582454162685,7029.968084859848
21,3.781821567602401,2.288651522520518,1.2447176875232484,6768.258715724945,3.391352409759964,1.8521597640877658,1.273029925224126,7029.968084859848
22,3.838410794929648,2.243299175109742,1.2162882904914571,6768.258715724945,3.6851810419184607,2.0084694387975657,1.2112465054947328,7029.968084859848
23,3.8627414001520024,2.566390700860856,1.1519211700919718,6768.258715724945,3.8341069497044122,2.060060126549831,1.2983206309321216,7029.968084859848
24,3.899222394865832,2.3461731410942335,1.267133352107909,6768.258715724945,3.8341069497044122,2.096146686512008,1.2579201467129641,7029.968084859848
25,3.9349699843402974,2.404369975037176,1.2052961796472161,6768.258715724945,3.85144886414144,2.1667078968789175,1.281498847201998,7029.968084859848
26,4.053298762379372,2.4443537161419924,1.2909814301149012,6768.258715724945,3.8627892741660146,2.1186598532707235,1.3998675796648319,7029.968084859848
27,4.153801885323434,2.382050249232194,1.3588890945898326,6768.258715724945,3.8683249872393484,2.0893950577317577,1.3236679545765055,7029.968084859848
28,4.2482790303301154,2.716052346590534,1.1619582671679651,6768.258715724945,3.908847949510726,2.012448666343597,1.354005434699428,7029.968084859848
29,4.364392061945599,2.6672496022443064,1.2434885537613192,6768.258715724945,4.025044563671214,2.332930768059151,1.3194964072984408,7029.968084859848
30,4.393471070030316,2.8097769504712935,1.3984297214750865,6768.258715724945,4.137379307853356,2.5518984759305354,1.2328151061482473,7029.968084859848
31,4.4227870970411844,2.7966203414296453,1.3428315789676186,6768.258715724945,4.286549332246816,2.3353061772652914,1.4494016917222925,7029.968084859848
32,4.438443828980394,2.7232341830336084,1.5079191594221943,6768.258715724945,4.509191958164591,2.440636673162757,1.5484328152673585,7029.968084859848
33,4.468350200259846,2.7021276040406463,1.480176767420924,6768.258715724945,4.523002557403303,2.600452583725059,1.4864373956726356,7029.968084859848
34,4.4832425765902055,2.9547274510488597,1.4728434384125006,6768.258715724945,4.601821236289412,2.3713906939431664,1.5229295677704384,7029.968084859848
35,4.510120514654186,3.155870127251488,1.3283981347018754,6768.258715724945,4.621869809611014,2.7625354626203156,1.5122830715251308,7029.968084859848
36,4.528436511628782,3.1663538372024083,1.3490759108897035,6768.258715724945,4.621869809611014,2.769821555292908,1.5106813217435229,7029.968084859848
37,4.7316983559110914,2.98620836907727,1.511344754114799,6768.258715724945,4.695580131127705,2.912051130906778,1.4750335944608581,7029.968084859848
38,4.763208475835497,2.937367885618575,1.4889667841093168,6768.258715724945,4.715430413564808,3.0265319644220963,1.520923862916349,7029.968084859848
39,4.880448498438336,3.2518001286599985,1.4222418765949825,6768.258715724945,4.715430413564808,2.895338292330581,1.5477613997264652,7029.968084859848
40,4.996926252922361,3.187966975175166,1.6067636629977062,6768.258715724945,4.754165195015174,2.849464131872281,1.5785776262020912,7029.968084859848
41,4.996926252922361,3.3607055070139253,1.5133895366246086,6768.258715724945,4.754165195015174,2.6817095986025055,1.762523945914364,7029.968084859848
42,5.048772616059797,3.198236542036869,1.5307439047525837,6768.258715724945,4.84255071725863,2.9019874440830455,1.6065631892328618,7029.968084859848
43,5.0813301143234835,3.28468954442192,1.6654156933137099,6768.258715724945,5.062987037182728,3.0319510526426297,1.4297065511440885,7029.968084859848
44,5.098365903947238,3.383182693789673,1.5181007471822805,6768.258715724945,5.088647270402915,3.2174210690067406,1.5453029940190197,7029.968084859848
45,5.22951603861736,3.311038111381783,1.7938090778051063,6768.258715724945,5.093602425682058,2.988938882558962,1.6889722580294364,7029.968084859848
46,5.23653829406891,3.592507599648877,1.7111578333020951,6768.258715724945,5.131457177651699,2.7442228562483217,1.7660787799011612,7029.968084859848
47,5.2774186449743095,3.4201109364532423,1.7421750071709756,6768.258715724945,5.138541377007932,2.9518683242599453,1.7857895495262244,7029.968084859848
48,5.2774186449743095,3.3158058747708927,1.8013194946824989,6768.258715724945,5.172389996398751,2.743675042159721,1.896744114093129,7029.968084859848
49,5.3249440128602235,3.5748329520195354,1.6867881572453371,6768.258715724945,5.172389996398751,3.0054128320431928,1.8740474971137844,7029.968084859848
50,5.347377020561021,3.7308603399578764,1.5367668151777696,6768.258715724945,5.172389996398751,2.9179401222539423,1.8848495139675117,7029.968084859848
51,5.347377020561021,3.66917872624145,1.5935242868353021,6768.258715724945,5.172389996398751,2.9873832898247437,1.7866896994182295,7029.968084859848
52,5.347377020561021,3.4762817081715354,1.771863676286781,6768.258715724945,5.1918929227845485,2.8945472066842437,1.7859790232483235,7029.968084859848
53,5.38034765988075,3.749266467080043,1.5304628176678183,6768.258715724945,5.279271325616608,2.996490740083952,1.6529089123189329,7029.968084859848
54,5.406213664336329,3.45578625083649,1.6687987928818977,6768.258715724945,5.279271325616608,3.048580090453733,1.7225828194548392,7029.968084859848
55,5.406213664336329,3.6258916728152726,1.602368537744437,6768.258715724945,5.309690461496044,3.0450051634301936,1.8645696681337298,7029.968084859848
56,5.424093468379959,3.678930664162116,1.7402618902832443,6768.258715724945,5.309690461496044,2.7269450220586307,1.871166685950347,7029.968084859848
57,5.481452673469098,3.495792674015437,1.6880724624801828,6768.258715724945,5.327444781926998,3.017277757090245,1.8368363869192195,7029.968084859848
58,5.482653520019148,3.5691925385891166,1.9035387496577627,6768.258715724945,5.364942576924036,3.0984119344328236,1.9521559073220538,7029.968084859848
59,5.487278081943999,3.511019920923824,1.8662699050573586,6768.258715724945,5.3748414017071795,3.1185269908555378,1.8273523142606123,7029.968084859848
60,5.487278081943999,3.3117506011277045,2.08191712142686,6768.258715724945,5.3748414017071795,2.9851333043033024,2.0135975420356753,7029.968084859848
61,5.487278081943999,3.4921557079088417,1.9989309832729738,6768.258715724945,5.3748414017071795,3.071314127290815,1.9330119331869415,7029.968084859848
62,5.487278081943999,3.599786541758988,1.8062626157679176,6768.258715724945,5.3748414017071795,2.995875378620496,1.83868053748068,7029.968084859848
63,5.487278081943999,3.7408615040996103,1.7763580633569156,6768.258715724945,5.4262864404021895,3.2921885793573233,1.803235514153899,7029.968084859848
64,5.507927880613325,3.5522258689621524,1.9799220644432929,6768.258715724945,5.46060240554156,2.9483668032484167,1.9953553879223123,7029.968084859848
65,5.507927880613325,3.462760847596313,1.8473518707462724,6768.258715724945,5.460958804464399,3.2219085496862854,1.6314716531113511,7029.968084859848
66,5.654799310738621,3.779799215121688,1.7169890886442407,6768.258715724945,5.482612442952311,3.4021885397171006,1.8686597218116012,7029.968084859848
67,5.654799310738621,3.619100587925201,1.7408249803526874,6768.258715724945,5.482612442952311,3.440158788344415,1.8272769085376148,7029.968084859848
68,5.664420699383763,3.7619409750025206,1.6975234285655483,6768.258715724945,5.482612442952311,3.088932637296653,1.8136929518360325,7029.968084859848
69,5.747145498009303,3.8138726963140286,1.8371496982786588,6768.258715724945,5.50441756687071,3.480957426479338,1.7477039917288735,7029.968084859848
70,5.747145498009303,3.746681614073219,1.9255124601664684,6768.258715724945,5.50441756687071,3.0642435828652657,1.808003239421938,7029.968084859848
71,5.747145498009303,3.375287153844007,2.0180518370752423,6768.258715724945,5.505756272725933,3.2413452285249194,1.856502993542854,7029.968084859848
72,5.747145498009303,3.721916741611291,1.8202774620404365,6768.258715724945,5.551348998441269,3.2111745606596562,1.8734695239785757,7029.968084859848
73,5.747145498009303,3.7054023587191316,2.0676315556796383,6768.258715724945,5.551348998441269,3.1455595596742287,1.8400820689645347,7029.968084859848
74,5.747145498009303,3.572886321728171,2.034341491696717,6768.258715724945,5.551348998441269,3.263125398205426,1.8659672753722265,7029.968084859848
75,5.747403071243236,3.9528528732424113,1.880200634631948,6768.258715724945,5.55762695655636,3.1546147208161583,1.8815416716994704,7029.968084859848
76,5.747403071243236,3.656121125027961,2.048139585021958,6768.258715724945,5.55762695655636,3.29989951126874,1.8835693337236026,7029.968084859848
77,5.747403071243236,3.852811422233779,1.9888133725749917,6768.258715724945,5.55762695655636,3.251323412617064,2.0012914393210752,7029.968084859848
78,5.747403071243236,3.719454208120093,1.8531237455712162,6768.258715724945,5.55762695655636,3.431960419368635,1.8151759253717514,7029.968084859848
79,5.747403071243236,3.9242376891387445,1.8137698188287399,6768.258715724945,5.578686985982465,3.336104733184686,1.9165279806043003,7029.968084859848
80,5.747403071243236,3.7707832930971947,1.8808686406641655,6768.258715724945,5.578686985982465,3.3720471708134765,1.8891301752673157,7029.968084859848
81,5.747403071243236,3.534758949928631,2.0308251881414665,6768.258715724945,5.5803754664523355,3.7345684165306388,1.828380098697624,7029.968084859848
82,5.748435247462768,3.5352176106997364,1.9847330663036746,6768.258715724945,5.590625301800953,3.748585601382314,1.7106015289465937,7029.968084859848
83,5.748435247462768,3.5737771105441154,2.0513347998094926,6768.258715724945,5.595249908903011,3.3346121366856836,1.8854971444989428,7029.968084859848
84,5.748435247462768,3.5818618696573568,1.9393030685141213,6768.258715724945,5.602494717926405,3.5974239496910903,1.7941029527834602,7029.968084859848
85,5.76450140523197,3.5600315172617827,1.9934817552519177,6768.258715724945,5.623078608021904,3.456630746593966,1.740042803935096,7029.968084859848
86,5.76450140523197,3.9610037840146632,1.8012187784335958,6768.258715724945,5.665146368291369,3.1375917442035304,2.110353491191161,7029.968084859848
87,5.76450140523197,3.672195530809396,1.9869439766263128,6768.258715724945,5.690981985141485,3.2336703664424293,1.9612345812139058,7029.968084859848
88,5.787565285858642,3.650862453722823,1.9653495016468434,6768.258715724945,5.690981985141485,3.5108247681869442,1.960549620928111,7029.968084859848
89,5.894505134612226,3.7243555444737892,2.1311165082347125,6768.258715724945,5.690981985141485,3.484821279672461,2.0851313156985194,7029.968084859848
90,5.894505134612226,3.7471056142344508,1.9064274042302916,6768.258715724945,5.690981985141485,3.3534155905523364,1.9376197828042911,7029.968084859848
91,5.894505134612226,3.4649296092775708,1.9651557459225615,6768.258715724945,5.690981985141485,3.311085717637398,1.9887897605773905,7029.968084859848
92,5.894505134612226,3.745773696761675,2.0226564049820652,6768.258715724945,5.690981985141485,3.2983648328704005,1.9670960845530487,7029.968084859848
93,5.894505134612226,3.7635000339666314,2.18524429807714,6768.258715724945,5.707563983568885,3.4935560982872373,2.0012418045920617,7029.968084859848
94,5.8989273181661,3.8320404476141574,1.8826219730806233,6768.258715724945,5.707563983568885,3.655984717955525,1.789515064022119,7029.968084859848
95,5.919070145772354,3.8527819260735994,2.0440321288772934,6768.258715724945,5.73033542231468,3.5228446881273925,2.034191516345068,7029.968084859848
96,5.9209860971576145,4.008846747069963,1.8611046058572167,6768.258715724945,5.73033542231468,3.491657015341203,1.8474503930887405,7029.968084859848
97,5.9209860971576145,3.759110746809219,1.9546079961385545,6768.258715724945,5.731134159357989,3.3090205388999343,1.9234387545140887,7029.968084859848
98,5.956394278949441,3.993885794349702,1.8880364331918806,6768.258715724945,5.735508128032064,3.321684058649855,1.9856744685215317,7029.968084859848
99,5.956394278949441,3.7545609312212114,2.1668854995851126,6768.258715724945,5.735508128032064,3.3624688631883606,1.9352055773240688,7029.968084859848
100,5.956394278949441,4.042662581934625,1.915002089992118,6768.258715724945,5.735508128032064,3.5425125526657326,1.8596679672194198,7029.968084859848
101,5.956394278949441,3.9914506064176676,1.939673175601926,6768.258715724945,5.7597956003957815,3.3202502952222543,1.9852576826907407,7029.968084859848
102,5.956394278949441,3.7271227651370076,1.9967505792549975,6768.258715724945,5.7597956003957815,3.334020559075744,1.8845530150035732,7029.968084859848
103,5.956394278949441,3.744693336009982,2.0199019323796215,6768.258715724945,5.7597956003957815,3.4272727146349844,1.9073154904046057,7029.968084859848
104,5.997900488037125,3.685404293287481,1.9466658693830226,6768.258715724945,5.773123677968166,3.7014057916851053,1.7624988358344496,7029.968084859848
105,5.997900488037125,3.8194957302163814,1.991368494374741,6768.258715724945,5.773123677968166,3.2959120003307,2.1107404823922034,7029.968084859848
106,5.997900488037125,4.003475578057862,1.934471400740934,6768.258715724945,5.773123677968166,3.2956365279389175,1.8450601247675227,7029.968084859848
107,5.997900488037125,3.9859024628694946,1.9492771720330686,6768.258715724945,5.773123677968166,3.361004363876087,2.0077314385135074,7029.968084859848
108,5.997900488037125,3.7667391165953332,2.1507265745453923,6768.258715724945,5.821882442709599,3.847685501773429,1.9256865054789511,7029.968084859848
109,6.0043893436471,3.8453013986240214,2.0297286803840207,6768.258715724945,5.864556552539237,3.6624124708852164,1.966714772754529,7029.968084859848
110,6.0043893436471,4.2375556531849075,1.8663792257740528,6768.258715724945,5.864556552539237,3.6072263282680774,1.8862722463815558,7029.968084859848
111,6.0043893436471,4.025313539814455,2.084676260475974,6768.258715724945,5.876002181140127,3.647503482228417,1.9433700121104287,7029.968084859848
112,6.023033549290176,4.064813296275659,2.074453546224493,6768.258715724945,5.876002181140127,3.223800737814895,2.0084209403501863,7029.968084859848
113,6.023033549290176,4.272748996450745,1.7611553382935532,6768.258715724945,5.876002181140127,3.4268027147427746,2.0239018198193954,7029.968084859848
114,6.023033549290176,4.385161947096875,1.8559152857610672,6768.258715724945,5.876002181140127,3.4583994071283954,2.0224029039137776,7029.968084859848
115,6.023033549290176,4.028339130378919,1.9710652421117665,6768.258715724945,5.876002181140127,3.6835344790271045,2.0618287653897456,7029.968084859848
116,6.023033549290176,4.350687907289511,1.910280142350602,6768.258715724945,5.876002181140127,3.6536033312412544,1.9719670745611424,7029.968084859848
117,6.023033549290176,4.108600603094571,1.838475883243381,6768.258715724945,5.876002181140127,3.4154142116405395,2.1641707272041044,7029.968084859848
118,6.023033549290176,3.7277499017067606,1.9721568906726763,6768.258715724945,5.876553333475743,3.1873143395251673,2.0287220664704853,7029.968084859848
119,6.028468623292807,3.578746856673162,2.1373655515263894,6768.258715724945,5.876553333475743,3.2288600310678426,2.0499298073860954,7029.968084859848
120,6.028468623292807,3.7838283180406243,2.0041226830204453,6768.258715724945,5.876553333475743,3.1687467115528154,2.162376389819943,7029.968084859848
121,6.035029233610962,4.143616209236475,1.883362924972678,6768.258715724945,5.876553333475743,3.576268474386154,1.8874756309746867,7029.968084859848
122,6.035029233610962,4.203064168371496,1.9941877855113828,6768.258715724945,5.876553333475743,3.6375819512042207,2.037094652892469,7029.968084859848
123,6.035029233610962,4.046010032823739,2.0689504566957977,6768.258715724945,5.896748536123537,3.7319932609752335,1.9203119335672336,7029.968084859848
124,6.1672205060652825,4.116075092302545,1.9004324443842997,6768.258715724945,5.896748536123537,3.716015111823927,2.1445275027625366,7029.968084859848
125,6.1672205060652825,4.335022371112276,1.8049447209777771,6768.258715724945,5.896748536123537,3.516409950251601,1.9044862786651162,7029.968084859848
126,6.1672205060652825,3.9221655178799395,1.8777506963185,6768.258715724945,5.896748536123537,3.7154708469644944,2.0090116007603718,7029.968084859848
127,6.175031965576115,4.258676260346013,1.7711243946659672,6768.258715724945,5.896748536123537,3.6059003631073323,2.0369890168796574,7029.968084859848
128,6.175031965576115,4.151070578052403,1.931523979848859,6768.258715724945,5.896748536123537,3.6957266818236185,1.9955153695063494,7029.968084859848
129,6.175031965576115,4.044288245214668,2.1310571228726602,6768.258715724945,5.896748536123537,3.9619219583037024,1.8352172412804826,7029.968084859848
130,6.175031965576115,3.9719967949232284,1.98577632081365,6768.258715724945,5.917469304894681,3.4391176825906924,1.975073727371008,7029.968084859848
131,6.175031965576115,3.829927152436248,2.1730870068650874,6768.258715724945,5.919328051443394,3.6008530305064026,2.0494477710284054,7029.968084859848
132,6.175031965576115,3.8683170799542355,2.1224642554441306,6768.258715724945,5.919328051443394,3.7887320422742627,1.8642099260212053,7029.968084859848
133,6.182738460386775,3.833384519907483,2.1484261165258993,6768.258715724945,5.919328051443394,3.762762705810759,1.8213867360270286,7029.968084859848
134,6.182738460386775,3.900737459057038,2.261996276826134,6768.258715724945,5.919328051443394,3.6132140378950437,2.1340975274441827,7029.968084859848
135,6.182738460386775,4.302269226055144,2.0728864421446196,6768.258715724945,5.9587501277485515,3.5352118921452487,1.9835932770378772,7029.968084859848
136,6.182738460386775,3.843152524905271,2.114404387784339,6768.258715724945,5.9648810890232165,3.649622430860512,2.0147096070915826,7029.968084859848
137,6.182738460386775,3.9187009426883974,2.290296430730828,6768.258715724945,5.9648810890232165,3.22635869717559,2.102050050053185,7029.968084859848
138,6.182738460386775,3.8376427665821042,2.0738692314799687,6768.258715724945,5.9648810890232165,3.7195139087908173,1.9651714419312831,7029.968084859848
139,6.182738460386775,3.7069499389852454,2.1263800525191505,6768.258715724945,5.974232399467555,3.9428616498419586,2.0505908879098054,7029.968084859848
140,6.182738460386775,4.082481271355414,2.0129346129261525,6768.258715724945,5.974232399467555,3.7059535271623743,1.9947994118311072,7029.968084859848
141,6.182738460386775,4.256082296817832,1.8767857644235317,6768.258715724945,5.977989000489207,3.8776940548011147,1.8705266231125823,7029.968084859848
142,6.182738460386775,3.6562264708842003,2.1623069287473387,6768.258715724945,5.977989000489207,3.5666788604217396,2.0725912482659603,7029.968084859848
143,6.182738460386775,4.015783800615167,1.9433239011881553,6768.258715724945,5.977989000489207,3.7122427078228433,2.0153297897645883,7029.968084859848
144,6.182738460386775,4.458285331299267,1.795811382235088,6768.258715724945,5.984490951261556,3.6000566705145745,2.1297736251303587,7029.968084859848
145,6.1907515013373144,4.008002062145099,2.178511733373784,6768.258715724945,5.984676899290939,3.6798934112516846,2.052632537027568,7029.968084859848
146,6.1907515013373144,4.07568640318687,2.015037074454881,6768.258715724945,5.99483697882278,3.6355202814245153,2.0896986605302197,7029.968084859848
147,6.1907515013373144,4.10400412024958,2.030138917160319,6768.258715724945,5.99483697882278,3.406434874258527,2.0446371837762936,7029.968084859848
148,6.1907515013373144,3.913851767789167,2.05862054908954,6768.258715724945,5.99483697882278,3.714205048862179,1.8696953631129758,7029.968084859848
149,6.1907515013373144,3.9828613643466126,2.09569422832734,6768.258715724945,5.99483697882278,3.5996165453159072,1.9722473894295312,7029.968084859848
150,6.1907515013373144,4.216460604427237,1.997157583625643,6768.258715724945,5.99483697882278,3.486551523315312,2.0297772646116146,7029.968084859848
151,6.1907515013373144,4.398416416145529,1.856999810499928,6768.258715724945,5.99483697882278,3.6731357308755186,1.9940881483424597,7029.968084859848
152,6.1907515013373144,4.251948602385489,2.078490255181569,6768.258715724945,5.99483697882278,3.649756647831629,2.0430328485483225,7029.968084859848
153,6.1907515013373144,4.2694443297519635,1.8442931578987765,6768.258715724945,5.99483697882278,3.784038388300322,1.780891890678276,7029.968084859848
154,6.1907515013373144,4.37830228857778,1.8308230356967883,6768.258715724945,5.99483697882278,3.5647306364281293,2.052792936761411,7029.968084859848
155,6.1907515013373144,4.004710988921734,2.1539997267159445,6768.258715724945,5.99483697882278,3.6563761912416255,1.9760252417537258,7029.968084859848
156,6.1907515013373144,4.520768976900429,1.7922883180079225,6768.258715724945,5.99483697882278,3.8211359320011455,2.07564379296416,7029.968084859848
157,6.1907515013373144,4.272651495591786,2.2416298110444712,6768.258715724945,5.99483697882278,3.6363293866333835,2.2619808269005737,7029.968084859848
158,6.1907515013373144,4.016192319938681,2.1667941980721332,6768.258715724945,5.99483697882278,3.7289990603649885,2.061146309525641,7029.968084859848
159,6.1907515013373144,3.9602067826195992,2.0058464510072866,6768.258715724945,5.99483697882278,3.7680717441117686,2.1781560447877752,7029.968084859848
160,6.1907515013373144,3.8751142215602052,2.1567079564598433,6768.258715724945,5.99483697882278,3.8483651419359015,2.035383505546302,7029.968084859848
161,6.1907515013373144,3.9572981536647127,2.1151780362747292,6768.258715724945,5.99483697882278,3.598082840553932,2.03969539848815,7029.968084859848
162,6.210530078199016,4.091804985690399,2.0089564051905024,6768.258715724945,5.99483697882278,3.553064930188186,1.9482531037524367,7029.968084859848
163,6.210530078199016,4.214533478457006,2.122360147008982,6768.258715724945,5.99483697882278,3.768950263827771,2.0444225434952332,7029.968084859848
164,6.210530078199016,3.9509139209309994,2.2033680441979855,6768.258715724945,5.99483697882278,3.8708222010091204,1.970561536552029,7029.968084859848
165,6.210530078199016,3.8823971480635526,2.1716592522812963,6768.258715724945,5.99483697882278,3.6650357721097655,1.9649486734311097,7029.968084859848
166,6.210530078199016,3.9781856121659516,2.0562134177191145,6768.258715724945,5.99483697882278,3.4337030188709092,1.9667750358479694,7029.968084859848
167,6.210530078199016,4.064814238110254,2.0373557623771097,6768.258715724945,5.99483697882278,3.566019924776505,2.028892956992849,7029.968084859848
168,6.210530078199016,3.926358664551819,2.286005535217518,6768.258715724945,5.99483697882278,3.8375407353626785,1.9570983482083204,7029.968084859848
169,6.210530078199016,4.176356344834117,2.15755376184937,6768.258715724945,5.99483697882278,3.4763287887063052,2.210611360212784,7029.968084859848
170,6.210530078199016,4.029136818015467,2.0266197828684183,6768.258715724945,5.99483697882278,3.568663903014893,1.9605214097748505,7029.968084859848
171,6.210530078199016,3.888911689113524,2.1936609709936286,6768.258715724945,5.99483697882278,3.3463638248000493,2.168507127262021,7029.968084859848
172,6.210530078199016,4.343994779880751,1.7369883047832402,6768.258715724945,6.010489429656,3.519669781811674,2.034548570172618,7029.968084859848
173,6.210530078199016,3.9255472988299767,2.2640985835936287,6768.258715724945,6.010489429656,3.376453839027261,2.0122118720593773,7029.968084859848
174,6.215397843142635,4.174688872164739,2.1087706471297767,6768.258715724945,6.010489429656,3.6409173894757685,1.9108721026315671,7029.968084859848
175,6.215397843142635,3.963989418447022,2.099485464346393,6768.258715724945,6.010489429656,3.8462382497723056,1.9704852135834436,7029.968084859848
176,6.215397843142635,4.0638497899721395,2.122672783808359,6768.258715724945,6.010489429656,3.7049710233600264,2.035856137183913,7029.968084859848
177,6.215397843142635,4.183120203497632,2.0477749692979983,6768.258715724945,6.010489429656,3.5395398726060208,2.108864753095341,7029.968084859848
178,6.215397843142635,4.1794831490285596,2.0206742266999598,6768.258715724945,6.010489429656,3.6163181132241915,1.809383409559435,7029.968084859848
179,6.215397843142635,4.28388368569405,2.0474220397924188,6768.258715724945,6.010489429656,3.9220198795587122,1.8788567818918267,7029.968084859848
180,6.21625175599353,3.8664972417725907,2.0648977814492033,6768.258715724945,6.010489429656,3.5066324861085247,1.9895454930450007,7029.968084859848
181,6.21625175599353,4.196755697108313,1.9286226950898686,6768.258715724945,6.010489429656,3.5317836358316645,2.004877840553051,7029.968084859848
182,6.21625175599353,4.251346428871895,2.089738277897324,6768.258715724945,6.010489429656,3.6060673639448337,2.0277611177111075,7029.968084859848
183,6.21625175599353,4.330877660441521,2.0235583063762523,6768.258715724945,6.010489429656,3.468133531970122,2.024178443739964,7029.968084859848
184,6.21625175599353,4.41936345604197,1.9845072806539825,6768.258715724945,6.010489429656,3.5443671934232106,2.1112357294719826,7029.968084859848
185,6.21625175599353,3.952127119652341,2.0419015616677862,6768.258715724945,6.010489429656,3.7491145526720215,1.9169548981526716,7029.968084859848
186,6.21625175599353,3.902795999712667,2.0073874324581666,6768.258715724945,6.010489429656,3.802672973397977,1.9482633563765304,7029.968084859848
187,6.21625175599353,4.206879546908027,1.8696141218839988,6768.258715724945,6.010489429656,3.4717581430142204,2.0119063578121352,7029.968084859848
188,6.21625175599353,3.9593446699890613,2.0836956348640685,6768.258715724945,6.010489429656,3.5703168865795716,1.9656323991130336,7029.968084859848
189,6.21625175599353,3.523341433054798,2.2991896886573917,6768.258715724945,6.011036315411553,3.7444656639674347,1.8406341652469025,7029.968084859848
190,6.21625175599353,4.139999808903455,1.7916212345851292,6768.258715724945,6.011036315411553,3.198013570749854,2.1028103634697075,7029.968084859848
191,6.21625175599353,4.122217286069409,2.0159517599433046,6768.258715724945,6.011036315411553,2.9874149739335345,2.2917154077857598,7029.968084859848
192,6.21625175599353,3.968846175495174,2.1624278024769232,6768.258715724945,6.011036315411553,3.2772283974959167,2.137424474296785,7029.968084859848
193,6.21625175599353,3.9689233008242746,2.2386319905575927,6768.258715724945,6.011036315411553,3.394542063363121,2.078382610901761,7029.968084859848
194,6.21625175599353,4.12347062690998,2.0314472349486863,6768.258715724945,6.011036315411553,3.654219493691625,2.0452690363178654,7029.968084859848
195,6.21625175599353,3.9508195935129136,2.1013729309690232,6768.258715724945,6.011036315411553,3.646086946202839,2.1861094454847017,7029.968084859848
196,6.21625175599353,3.953852726120109,2.3605489412328717,6768.258715724945,6.014133826386697,3.613104698314392,2.191306697498555,7029.968084859848
197,6.231615990168846,3.488834523134558,2.354171375970128,6768.258715724945,6.014133826386697,3.9748799692768566,2.0355615170128405,7029.968084859848
198,6.231615990168846,3.7058339672767575,2.1285461669521446,6768.258715724945,6.014133826386697,3.9294453702131973,1.9899734935976838,7029.968084859848
199,6.231615990168846,4.254057285969341,1.780607903271905,6768.258715724945,6.014133826386697,3.7715207245720563,2.074927314675338,7029.968084859848
